가게,명
가격,명
가구,명
가구,명
가까워지다,동
가까이,부
가까이,명
가깝다,형
가꾸다,동
가끔,부
가난,명
가난하다,형
가늘다,형
가능,명
가능성,명
가능하다,형
가능해지다,동
가다,동
가다,보
가득,부
가득하다,형
가득히,부
가라앉다,동
가려지다,동
가령,부
가로,명
가로등,명
가로막다,동
가로수,명
가루,명
가르다,동
가르치다,동
가르침,명
가리다,동
가리다,동
가리키다,동
가만,부
가만있다,동
가만히,부
가뭄,명
가방,명
가볍다,형
가사,명
가상,명
가수,명
가스,명
가슴,명
가슴속,명
가요,명
가운데,명
가위,명
가을,명
가이드,명
가입,명
가입자,명
가입하다,동
가장,부
가장,명
가정,명
가정,명
가정교사,명
가져가다,동
가져다주다,동
가져오다,동
가족,명
가죽,명
가지,명
가지,의
가지다,동
가지다,보
가짜,명
가치,명
가치관,명
가톨릭,명
가하다,동
각,관
각각,부
각각,명
각국,명
각기,부
각오,명
각자,명
각자,부
각종,명
간,명
간,명
간,의
간격,명
간단하다,형
간단히,부
간부,명
간섭,명
간식,명
간신히,부
간장,명
간접,명
간접적,명
간판,명
간편하다,형
간호,명
간호사,명
간혹,부
갇히다,동
갈다,동
갈다,동
갈등,명
갈비,명
갈비탕,명
갈색,명
갈수록,부
갈아입다,동
갈아타다,동
갈증,명
감,명
감,명
감각,명
감기,명
감다,동
감다,동
감독,명
감동,명
감동적,명
감사,명
감사하다,형
감사하다,동
감상,명
감상하다,동
감소,명
감소되다,동
감소하다,동
감수성,명
감싸다,동
감옥,명
감자,명
감정,명
감정적,명
감추다,동
감히,부
갑,명
갑자기,부
갑작스럽다,형
값,명
값싸다,형
강,명
강남,명
강당,명
강도,명
강도,명
강력하다,형
강력히,부
강렬하다,형
강물,명
강변,명
강북,명
강사,명
강수량,명
강아지,명
강요하다,동
강원도,고
강의,명
강의하다,동
강제,명
강조,명
강조하다,동
강하다,형
강화하다,동
갖가지,명
갖다,동
갖다,보
갖추다,동
같다,형
같이,부
같이하다,동
갚다,동
개,명
개,의
개개인,명
개구리,명
개국,의
개나리,명
개다,동
개미,명
개발되다,동
개발하다,동
개방,명
개방되다,동
개방하다,동
개별,명
개선,명
개선되다,동
개선하다,동
개성,명
개월,의
개인,명
개인적,명
객관적,명
걔,불
거,대
거,의
거기,대
거꾸로,부
거대하다,형
거두다,동
거들다,동
거듭,부
거리,명
거리,의
거리,명
거부하다,동
거실,명
거액,명
거울,명
거의,부
거절하다,동
거짓,명
거짓말,명
거치다,동
거칠다,형
거품,명
걱정,명
걱정되다,동
걱정스럽다,형
걱정하다,동
건,의
건강,명
건강하다,형
건너,명
건너가다,동
건너다,동
건너오다,동
건너편,명
건넌방,명
건네다,동
건네주다,동
건드리다,동
건물,명
건설,명
건설되다,동
건설하다,동
건전하다,형
건조,명
건조하다,형
건지다,동
건축,명
걷기,명
걷다,동
걷다,동
걷다,동
걸다,동
걸리다,동
걸어가다,동
걸어오다,동
걸음,명
걸치다,동
검다,형
검사,명
검사,명
검은색,명
검정색,명
검토,명
겁,명
겁나다,동
것,의
겉,명
게,명
게다가,부
게시판,명
게으르다,형
게임,명
겨우,부
겨울,명
겨울철,명
겨자,명
겪다,동
견디다,동
견해,명
결과,명
결과적,명
결국,명
결론,명
결석,명
결석하다,동
결승,명
결심,명
결심하다,동
결정,명
결정되다,동
결정하다,동
결코,부
결혼,명
결혼식,명
결혼하다,동
경계,명
경고,명
경고하다,동
경기,명
경기,명
경기도,고
경기장,명
경력,명
경복궁,고
경비,명
경상도,고
경영,명
경영하다,동
경우,명
경쟁,명
경쟁력,명
경제,명
경제력,명
경제적,명
경제학,명
경주,고
경찰,명
경찰관,명
경찰서,명
경치,명
경향,명
경험,명
경험하다,동
곁,명
계곡,명
계단,명
계란,명
계산,명
계산기,명
계산하다,동
계속,부
계속되다,동
계속하다,동
계시다,보
계시다,동
계약,명
계절,명
계좌,명
계층,명
계획,명
계획하다,동
고개,명
고개,명
고객,명
고교,명
고구려,고
고구마,명
고궁,명
고급,명
고급스럽다,형
고기,명
고등학교,명
고등학생,명
고려,고
고려하다,동
고르다,동
고르다,형
고맙다,형
고모,명
고모부,명
고무신,명
고민,명
고민하다,동
고생,명
고생하다,동
고소하다,형
고속,명
고속도로,명
고속버스,명
고양이,명
고요하다,형
고작,부
고장,명
고장,명
고전,명
고집,명
고집하다,동
고추,명
고추장,명
고춧가루,명
고치다,동
고통,명
고통스럽다,형
고프다,형
고함,명
고향,명
곡,명
곡식,명
곤란하다,형
곧,부
곧다,형
곧바로,부
곧이어,부
곧잘,부
곧장,부
골,명
골고루,부
골목,명
골목길,명
골짜기,명
골치,명
골프,명
골프장,명
곰,명
곱다,형
곳,명
곳곳,명
공,명
공간,명
공개,명
공개하다,동
공격,명
공격하다,동
공공,명
공군,명
공급,명
공기,명
공기,명
공동,명
공무원,명
공부,명
공부하다,동
공사,명
공식,명
공식적,명
공업,명
공연,명
공연되다,동
공연장,명
공연하다,동
공연히,부
공원,명
공장,명
공주,명
공중,명
공중전화,명
공짜,명
공책,명
공통,명
공통되다,동
공통적,명
공통점,명
공포,명
공항,명
공항버스,명
공해,명
공휴일,명
과,명
과,명
과거,명
과거,명
과목,명
과연,부
과외,명
과일,명
과자,명
과장,명
과정,명
과정,명
과제,명
과학,명
과학자,명
과학적,명
관객,명
관계,명
관계되다,동
관계없이,부
관계자,명
관광,명
관광객,명
관광버스,명
관광지,명
관념,명
관람,명
관람객,명
관련,명
관련되다,동
관련하다,동
관리,명
관리,명
관리하다,동
관습,명
관심,명
관심사,명
관점,명
관찰,명
관찰하다,동
관하다,동
광경,명
광고,명
광장,명
광주,고
괜찮다,형
괜히,부
괴로움,명
괴로워하다,동
괴롭다,형
괴롭히다,동
굉장하다,형
굉장히,부
교과서,명
교내,명
교대,명
교류,명
교문,명
교복,명
교사,명
교수,명
교시,의
교실,명
교양,명
교외,명
교육,명
교육비,명
교육자,명
교장,명
교재,명
교직,명
교체,명
교통,명
교통사고,명
교포,명
교환,명
교환하다,동
교회,명
교훈,명
구,수
구,명
구경,명
구경하다,동
구두,명
구르다,동
구름,명
구멍,명
구별,명
구별되다,동
구별하다,동
구분,명
구분되다,동
구분하다,동
구석,명
구석구석,명
구성,명
구성되다,동
구성하다,동
구속,명
구속되다,동
구속하다,동
구십,수
구역,명
구월,명
구입,명
구입하다,동
구조,명
구청,명
구체적,명
구하다,동
구하다,동
국,명
국가,명
국가적,명
국기,명
국내,명
국내선,명
국내외,명
국립,명
국물,명
국민,명
국민적,명
국사,명
국산,명
국수,명
국어,명
국왕,명
국적,명
국제,명
국제선,명
국제적,명
국제화,명
국회,명
국회의원,명
군,의
군,명
군,명
군대,명
군데,의
군사,명
군사,명
군인,명
굳다,형
굳어지다,동
굳이,부
굳히다,동
굵다,형
굶다,동
굽다,동
굽히다,동
궁극적,명
궁금하다,형
권,의
권리,명
권위,명
권투,명
권하다,동
귀,명
귀가,명
귀가하다,동
귀국,명
귀국하다,동
귀신,명
귀엽다,형
귀중하다,형
귀찮다,형
귀하다,형
귓속,명
규모,명
규정,명
규칙,명
규칙적,명
균형,명
귤,명
그,대
그,관
그,감
그간,명
그거,대
그것,대
그곳,대
그나마,부
그날,명
그냥,부
그녀,대
그놈,대
그늘,명
그다음,명
그다지,부
그대,대
그대로,부
그동안,명
그때,명
그때그때,부
그래,감
그래,불
그래도,불
그래서,부
그래서,불
그래야,불
그래픽,명
그램,의
그러나,부
그러니까,부
그러다,동
그러면,부
그러므로,부
그러하다,형
그런,관
그런대로,부
그런데,부
그럴듯하다,형
그럼,부
그럼,감
그렇게,불
그렇다,형
그렇지,감
그렇지만,부
그려지다,동
그루,의
그룹,명
그릇,명
그리,부
그리고,부
그리다,동
그리로,부
그리움,명
그리워하다,동
그리하여,부
그림,명
그림자,명
그립다,형
그만,부
그만두다,동
그만큼,부
그만하다,형
그분,대
그사이,명
그야말로,부
그이,대
그저,부
그저께,명
그전,명
그제서야,부
그제야,부
그중,명
그쪽,대
그치다,동
그토록,부
그해,명
극,명
극복,명
극복하다,동
극작가,명
극장,명
극히,부
근거,명
근거하다,동
근교,명
근데,부
근래,명
근로,명
근로자,명
근무,명
근무하다,동
근본,명
근본적,명
근원,명
근육,명
근처,명
글,명
글쎄,감
글쎄요,감
글쓰기,명
글씨,명
글자,명
긁다,동
금,명
금,명
금강산,고
금고,명
금년,명
금메달,명
금방,부
금세,부
금액,명
금연,명
금요일,명
금지,명
금지되다,동
금지하다,동
금하다,동
급,명
급격히,부
급속히,부
급증하다,동
급하다,형
급히,부
긋다,동
긍정적,명
기,명
기,명
기간,명
기계,명
기관,명
기구,명
기구,명
기기,명
기념,명
기념일,명
기념품,명
기념하다,동
기능,명
기능,명
기다,동
기다리다,동
기대,명
기대다,동
기대되다,동
기대하다,동
기도,명
기도하다,동
기독교,명
기둥,명
기록,명
기록되다,동
기록하다,동
기르다,동
기름,명
기막히다,형
기법,명
기본,명
기본적,명
기분,명
기뻐하다,동
기쁘다,형
기쁨,명
기사,명
기사,명
기성,명
기성세대,명
기숙사,명
기술,명
기술자,명
기술하다,동
기억,명
기억나다,동
기억되다,동
기억하다,동
기업,명
기업인,명
기여,명
기여하다,동
기온,명
기운,명
기울다,동
기울이다,동
기원,명
기원전,명
기자,명
기적,명
기준,명
기차,명
기초,명
기초적,명
기초하다,동
기침,명
기타,명
기타,명
기호,명
기혼,명
기회,명
기획,명
기후,명
긴급,명
긴장,명
긴장감,명
긴장되다,동
긴장하다,동
길,명
길가,명
길거리,명
길다,형
길어지다,동
길이,명
김,명
김,명
김,의
김밥,명
김치,명
김치찌개,명
김포공항,고
깊다,형
깊숙이,부
깊이,명
깊이,부
까다,동
까닭,명
까만색,명
까맣다,형
까먹다,동
까치,명
깍두기,명
깎다,동
깔끔하다,형
깔다,동
깔리다,동
깜빡,부
깜짝,부
깡패,명
깨끗이,부
깨끗하다,형
깨끗해지다,동
깨다,동
깨다,동
깨닫다,동
깨달음,명
깨뜨리다,동
깨소금,명
깨어나다,동
깨어지다,동
깨우다,동
깨지다,동
꺼내다,동
꺼지다,동
꺾다,동
껌,명
껍질,명
꼬리,명
꼬마,명
꼭,부
꼭,부
꼭대기,명
꼴,명
꼼꼼하다,형
꼼짝,부
꼽히다,동
꽂다,동
꽃,명
꽃씨,명
꽃잎,명
꽉,부
꽤,부
꾸다,동
꾸다,동
꾸리다,동
꾸미다,동
꾸준하다,형
꾸준히,부
꾸중,명
꿀,명
꿈,명
꿈꾸다,동
꿈속,명
끄다,동
끄덕이다,동
끈,명
끊기다,동
끊다,동
끊어지다,동
끊임없다,형
끊임없이,부
끌다,동
끌리다,동
끌어당기다,동
끓다,동
끓이다,동
끝,명
끝나다,동
끝내,부
끝내다,동
끝없다,형
끝없이,부
끼,명
끼다,동
끼다,동
끼어들다,동
끼우다,동
나,대
나가다,동
나가다,보
나누다,동
나누어지다,동
나뉘다,동
나다,동
나다,보
나들이,명
나라,명
나란히,부
나르다,동
나름,의
나머지,명
나무,명
나물,명
나뭇가지,명
나뭇잎,명
나비,명
나빠지다,동
나쁘다,형
나서다,동
나아가다,동
나아지다,동
나오다,동
나이,명
나중,명
나침반,명
나타나다,동
나타내다,동
나흘,명
낙엽,명
낚시,명
낚시꾼,명
낚싯대,명
난리,명
난방,명
날,명
날개,명
날다,동
날리다,동
날씨,명
날아가다,동
날아다니다,동
날아오다,동
날짜,명
날카롭다,형
낡다,형
남,명
남,명
남,명
남기다,동
남녀,명
남다,동
남대문,고
남대문시장,고
남동생,명
남매,명
남미,고
남부,명
남북,명
남산,고
남성,명
남자,명
남쪽,명
남편,명
남학생,명
납득하다,동
낫다,동
낫다,형
낭비,명
낮,명
낮다,형
낮아지다,동
낮추다,동
낯설다,형
낱말,명
낳다,동
내,의
내과,명
내내,부
내년,명
내놓다,동
내다,보
내다,동
내다보다,동
내달,명
내려가다,동
내려놓다,동
내려다보다,동
내려오다,동
내려지다,동
내리다,동
내밀다,동
내버리다,동
내보내다,동
내부,명
내쉬다,동
내외,명
내외,명
내용,명
내용물,명
내일,부
내일,명
내적,명
내주다,동
내지,부
내후년,명
냄비,명
냄새,명
냇물,명
냉동,명
냉면,명
냉방,명
냉장고,명
너,대
너머,명
너무,부
너무나,부
너희,대
넉,관
넉넉하다,형
널리,부
넓다,형
넓어지다,동
넓히다,동
넘겨주다,동
넘기다,동
넘다,동
넘어가다,동
넘어뜨리다,동
넘어서다,동
넘어오다,동
넘어지다,동
넘치다,동
넣다,동
네,관
네,감
네거리,명
넥타이,명
넷,수
넷째,관
넷째,수
녀석,의
년,의
년대,의
년도,의
년생,의
노동,명
노동자,명
노란색,명
노랗다,형
노래,명
노래방,명
노래하다,동
노랫소리,명
노력,명
노력하다,동
노선,명
노인,명
노트,명
녹다,동
녹색,명
녹음,명
녹음하다,동
녹이다,동
녹차,명
녹화,명
논,명
논리,명
논리적,명
논문,명
논의하다,동
논쟁,명
논하다,동
놀다,동
놀라다,동
놀랍다,형
놀리다,동
놀이,명
놀이터,명
놈,의
농구,명
농담,명
농민,명
농부,명
농사,명
농사일,명
농사짓다,동
농산물,명
농업,명
농장,명
농촌,명
높다,형
높아지다,동
높이,명
높이,부
높이다,동
놓다,보
놓다,동
놓아두다,동
놓이다,동
놓치다,동
놔두다,동
뇌,명
누구,대
누나,명
누르다,동
눈,명
눈,명
눈가,명
눈감다,동
눈길,명
눈동자,명
눈뜨다,동
눈물,명
눈병,명
눈부시다,형
눈빛,명
눈썹,명
눈앞,명
눕다,동
뉴스,명
뉴욕,고
느껴지다,동
느끼다,동
느낌,명
느리다,형
늑대,명
늘,부
늘다,동
늘리다,동
늘어나다,동
늘어놓다,동
늘어서다,동
늘어지다,동
늙다,동
능동적,명
능력,명
늦가을,명
늦다,동
늦다,형
늦어지다,동
다,부
다,명
다가가다,동
다가서다,동
다가오다,동
다녀가다,동
다녀오다,동
다니다,동
다듬다,동
다루다,동
다르다,형
다른,관
다름없다,형
다리,명
다리,명
다만,부
다방,명
다섯,수
다섯째,관
다섯째,수
다소,부
다수,명
다시,부
다양성,명
다양하다,형
다양해지다,동
다음,명
다이어트,명
다정하다,형
다지다,동
다짐하다,동
다치다,동
다투다,동
다툼,명
다하다,동
다행,명
다행히,부
닥치다,동
닦다,동
단,명
단,관
단계,명
단골,명
단단하다,형
단독,명
단맛,명
단순,명
단순하다,형
단순히,부
단어,명
단위,명
단점,명
단지,부
단지,명
단체,명
단추,명
단편,명
단풍,명
닫다,동
닫히다,동
달,명
달,의
달걀,명
달다,동
달다,동
달다,보
달다,동
달다,형
달라지다,동
달래다,동
달러,명
달러,의
달려가다,동
달려들다,동
달려오다,동
달력,명
달리,부
달리기,명
달리다,동
달리다,동
달리하다,동
달빛,명
달아나다,동
닭,명
닭고기,명
닮다,동
담,명
담그다,동
담기다,동
담다,동
담당,명
담당자,명
담당하다,동
담배,명
담요,명
담임,명
답,명
답답하다,형
답변,명
답장,명
답하다,동
닷새,명
당근,명
당기다,동
당당하다,형
당분간,부
당시,명
당신,대
당연하다,형
당연히,부
당장,명
당하다,동
당황하다,동
닿다,동
대,의
대,명
대,의
대,의
대,의
대가,명
대강,부
대개,명
대개,부
대구,고
대규모,명
대기,명
대기업,명
대기하다,동
대낮,명
대다,동
대다수,명
대단하다,형
대단히,부
대답,명
대답하다,동
대도시,명
대략,부
대량,명
대로,의
대륙,명
대문,명
대부분,명
대비,명
대비하다,동
대사,명
대사,명
대사관,명
대상자,명
대신,명
대신하다,동
대여섯,관
대응,명
대응하다,동
대입,명
대전,고
대접,명
대접하다,동
대중,명
대중교통,명
대중문화,명
대중적,명
대책,명
대처하다,동
대체,부
대체로,부
대출,명
대충,부
대통령,명
대표,명
대표적,명
대표하다,동
대하다,동
대학,명
대학교,명
대학교수,명
대학로,고
대학생,명
대학원,명
대한민국,고
대합실,명
대형,명
대화,명
대화하다,동
대회,명
댁,명
댐,명
더,부
더구나,부
더더욱,부
더러워지다,동
더럽다,형
더불다,동
더욱,부
더욱더,부
더욱이,부
더위,명
더하다,동
덕,명
덕분,명
덕수궁,고
던지다,동
덜,부
덜다,동
덥다,형
덧붙이다,동
덩어리,명
덮다,동
덮이다,동
데,의
데려가다,동
데려오다,동
데리다,동
데우다,동
데이트,명
도,의
도,명
도,명
도구,명
도달하다,동
도대체,부
도덕,명
도둑,명
도로,부
도로,명
도리어,부
도마,명
도망,명
도망가다,동
도망치다,동
도서관,명
도시,명
도시락,명
도심,명
도와주다,동
도움,명
도움말,명
도입,명
도자기,명
도장,명
도저히,부
도전,명
도중,명
도착,명
도착하다,동
도쿄(동경),고
독감,명
독립,명
독립하다,동
독서,명
독일,고
독일어,명
독창적,명
독특하다,형
독하다,형
돈,명
돌,명
돌다,동
돌려주다,동
돌리다,동
돌멩이,명
돌보다,동
돌아가다,동
돌아다니다,동
돌아보다,동
돌아서다,동
돌아오다,동
돕다,동
동,관
동,의
동그라미,명
동그랗다,형
동기,명
동기,명
동네,명
동대문,고
동대문시장,고
동료,명
동물,명
동물원,명
동부,명
동생,명
동서,명
동서남북,명
동시,명
동아리,명
동안,명
동양,명
동양인,명
동의,명
동의하다,동
동일하다,형
동작,명
동전,명
동쪽,명
동창,명
동포,명
동행,명
동화,명
동화책,명
돼지,명
돼지고기,명
되게,부
되다,동
되돌리다,동
되돌아가다,동
되돌아보다,동
되돌아오다,동
되살리다,동
되찾다,동
되풀이되다,동
되풀이하다,동
된장,명
된장찌개,명
두,관
두껍다,형
두께,명
두뇌,명
두다,동
두다,보
두드러지다,형
두드리다,동
두려움,명
두려워하다,동
두렵다,형
두르다,동
두리번거리다,동
두부,명
두세,관
두어,관
두통,명
둘,수
둘러보다,동
둘러싸다,동
둘러싸이다,동
둘째,수
둘째,관
둥글다,형
둥지,명
뒤,명
뒤늦다,형
뒤따르다,동
뒤지다,동
뒤집다,동
뒤쪽,명
뒤편,명
뒷골목,명
뒷모습,명
뒷문,명
뒷산,명
드디어,부
드라마,명
드러나다,동
드리다,동
드리다,보
드물다,형
듣다,동
들,명
들다,보
들다,동
들다,동
들려오다,동
들려주다,동
들르다,동
들리다,동
들어가다,동
들어서다,동
들어오다,동
들어주다,동
들여놓다,동
들여다보다,동
들이다,동
들이마시다,동
들이켜다,동
듯,의
듯싶다,보
듯이,의
듯하다,보
등,명
등,의
등,의
등등,의
등록,명
등록금,명
등록증,명
등록하다,동
등산,명
등산로,명
등장,명
등장하다,동
디스크,명
디자이너,명
디자인,명
따님,명
따다,동
따뜻하다,형
따라가다,동
따라다니다,동
따라서,부
따라오다,동
따로,부
따로따로,부
따르다,동
따르다,동
따스하다,형
딱,부
딱,부
딱딱하다,형
딴,관
딸,명
딸기,명
딸아이,명
땀,명
땅,명
땅바닥,명
땅속,명
땅콩,명
때,명
때,명
때때로,부
때로,부
때리다,동
때문,의
땜,의
떠나가다,동
떠나다,동
떠나오다,동
떠들다,동
떠들썩하다,형
떠오르다,동
떠올리다,동
떡,명
떡국,명
떡볶이,명
떨다,동
떨리다,동
떨어뜨리다,동
떨어지다,동
떼,명
떼다,동
또,부
또는,부
또다시,부
또한,부
똑같다,형
똑같이,부
똑똑하다,형
똑바로,부
뚜껑,명
뚫다,동
뚱뚱하다,형
뛰놀다,동
뛰다,동
뛰다,동
뛰어가다,동
뛰어나가다,동
뛰어나다,형
뛰어나오다,동
뛰어내리다,동
뛰어넘다,동
뛰어놀다,동
뛰어다니다,동
뛰어들다,동
뛰어오다,동
뛰어오르다,동
뜨겁다,형
뜨다,동
뜨다,동
뜨다,동
뜯다,동
뜰,명
뜻,명
뜻대로,부
뜻밖,명
뜻밖에,부
뜻하다,동
띄다,동
띄우다,동
라디오,명
라면,명
라운드,명
라이벌,명
라이터,명
라인,명
라켓,명
러시아,고
런던,고
레몬,명
레스토랑,명
레이저,명
레저,명
렌즈,명
로봇,명
로터리,명
리,의
리그,명
리듬,명
리터,의
마구,부
마누라,명
마늘,명
마당,명
마당,의
마디,명
마땅하다,형
마라톤,명
마련,의
마련,명
마련되다,동
마련하다,동
마루,명
마르다,동
마리,의
마무리,명
마사지,명
마시다,동
마약,명
마요네즈,명
마을,명
마음,명
마음가짐,명
마음껏,부
마음대로,부
마음먹다,동
마음속,명
마음씨,명
마이크,명
마주,부
마주치다,동
마중,명
마지막,명
마찬가지,명
마찰,명
마치,부
마치다,동
마침,부
마침내,부
마크,명
마흔,수
막,부
막,부
막걸리,명
막내,명
막다,동
막상,부
막히다,동
만,의
만,의
만,관
만,수
만,관
만나다,동
만남,명
만두,명
만들다,동
만들어지다,동
만만하다,형
만세,명
만약,명
만일,명
만점,명
만족,명
만족스럽다,형
만족하다,동
만족하다,형
만지다,동
만큼,의
만하다,보
만화,명
만화가,명
많다,형
많아지다,동
많이,부
말,명
말,명
말,의
말기,명
말다,동
말다,동
말다,보
말리다,동
말리다,동
말씀,명
말씀드리다,동
말씀하다,동
말없이,부
말투,명
말하다,동
맑다,형
맘,명
맘대로,부
맛,명
맛보다,동
맛없다,형
맛있다,형
망설이다,동
망원경,명
망치다,동
망하다,동
맞다,동
맞다,동
맞다,동
맞서다,동
맞은편,명
맞이하다,동
맞추다,동
맡기다,동
맡다,동
맡다,동
매,명
매너,명
매년,부
매다,동
매달,부
매달다,동
매달리다,동
매력,명
매번,부
매스컴,명
매우,부
매일,부
매일,명
매장,명
매주,부
매체,명
맥주,명
맨,관
맵다,형
맺다,동
머리,명
머리말,명
머리카락,명
머리칼,명
머릿속,명
머무르다,동
머물다,동
먹고살다,동
먹다,동
먹다,보
먹다,동
먹이,명
먹이다,동
먹히다,동
먼저,부
먼지,명
멀다,형
멀리,부
멀어지다,동
멈추다,동
멋,명
멋있다,형
멋지다,형
멍멍,부
멎다,동
메뉴,명
메다,동
메모,명
메시지,명
메우다,동
메일,명
며느리,명
며칠,명
면,명
면,명
면,명
면담,명
면적,명
면접,명
면하다,동
멸치,명
명,의
명단,명
명령,명
명령어,명
명예,명
명의,명
명절,명
명칭,명
명함,명
명확하다,형
몇,수
몇,관
몇몇,관
몇십,관
모,관
모,대
모금,의
모기,명
모니터,명
모델,명
모두,명
모두,부
모든,관
모래,명
모레,명
모르다,동
모범,명
모색하다,동
모습,명
모시다,동
모양,명
모양,의
모여들다,동
모으다,동
모이다,동
모임,명
모자,명
모자라다,동
모조리,부
모집,명
모집하다,동
모처럼,부
모퉁이,명
목,명
목걸이,명
목록,명
목사,명
목소리,명
목숨,명
목요일,명
목욕,명
목욕탕,명
목적,명
목표,명
몰다,동
몰래,부
몰려들다,동
몰려오다,동
몸,명
몸매,명
몸무게,명
몸살,명
몸속,명
몸짓,명
몸통,명
몹시,부
못,명
못,부
못되다,형
못생기다,형
못지않다,형
못하다,동
못하다,형
못하다,보
묘사,명
묘사하다,동
무,명
무,명
무겁다,형
무게,명
무관심,명
무관심하다,형
무궁화,명
무기,명
무너지다,동
무늬,명
무대,명
무더위,명
무덤,명
무덥다,형
무려,부
무렵,의
무료,명
무릎,명
무리,명
무리,명
무리하다,형
무사하다,형
무섭다,형
무슨,관
무시하다,동
무어,대
무엇,대
무역,명
무용,명
무용가,명
무의미하다,형
무조건,부
무지개,명
무책임하다,형
무척,부
묵다,동
묵다,동
묶다,동
묶이다,동
문,명
문구,명
문득,부
문밖,명
문법,명
문서,명
문자,명
문장,명
문제,명
문제되다,동
문제점,명
문학,명
문학적,명
문화,명
문화재,명
문화적,명
묻다,동
묻다,동
묻다,동
묻히다,동
묻히다,동
물,명
물가,명
물건,명
물결,명
물고기,명
물기,명
물다,동
물러나다,동
물론,부
물론,명
물리학,명
물속,명
물어보다,동
물음,명
물질,명
물질적,명
물체,명
뭐,대
뭐,감
뭘,감
뭣,대
미,명
미국,고
미끄러지다,동
미끄럽다,형
미니,명
미디어,명
미래,명
미루다,동
미리,부
미만,명
미사일,명
미소,명
미술,명
미술관,명
미스,명
미안하다,형
미역,명
미용실,명
미움,명
미워하다,동
미인,명
미처,부
미치다,동
미치다,동
미터,의
미팅,명
미혼,명
민간,명
민속,명
민족,명
민주,명
민주주의,명
민주화,명
믿다,동
믿어지다,동
믿음,명
밀가루,명
밀다,동
밀리다,동
밀리미터,의
밀접하다,형
밉다,형
및,부
밑,명
밑바닥,명
바,의
바,명
바가지,명
바구니,명
바깥,명
바깥쪽,명
바꾸다,동
바뀌다,동
바나나,명
바늘,명
바다,명
바닥,명
바닷가,명
바닷물,명
바라다,동
바라보다,동
바람,의
바람,명
바람,명
바람직하다,형
바로,부
바로잡다,동
바르다,동
바르다,형
바보,명
바쁘다,형
바싹,부
바위,명
바이러스,명
바이올린,명
바지,명
바치다,동
바퀴,명
바퀴,의
바탕,명
박,의
박다,동
박물관,명
박사,명
박수,명
박스,명
박히다,동
밖,명
반,명
반,명
반갑다,형
반기다,동
반대,명
반대편,명
반대하다,동
반드시,부
반말,명
반면,명
반발,명
반복되다,동
반복하다,동
반성,명
반성하다,동
반영하다,동
반응,명
반장,명
반죽,명
반지,명
반짝거리다,동
반짝이다,동
반찬,명
반하다,동
받다,동
받아들이다,동
받침,명
발,명
발가락,명
발걸음,명
발견,명
발견되다,동
발견하다,동
발길,명
발끝,명
발달,명
발달되다,동
발달하다,동
발등,명
발레,명
발목,명
발바닥,명
발생,명
발생하다,동
발음,명
발음하다,동
발자국,명
발전,명
발전,명
발전되다,동
발전하다,동
발톱,명
발표,명
발표되다,동
발표하다,동
발휘하다,동
밝다,동
밝다,형
밝아지다,동
밝혀내다,동
밝혀지다,동
밝히다,동
밟다,동
밤,명
밤,명
밤낮,명
밤늦다,형
밤새,명
밤새다,동
밤새우다,동
밤색,명
밤중,명
밤하늘,명
밥,명
밥그릇,명
밥맛,명
밥상,명
밥솥,명
방,명
방금,부
방면,명
방문,명
방문,명
방문하다,동
방바닥,명
방법,명
방송,명
방송국,명
방송사,명
방송하다,동
방식,명
방안,명
방울,명
방울,명
방지,명
방지하다,동
방학,명
방해,명
방해하다,동
방향,명
밭,명
배,명
배,명
배,명
배,명
배경,명
배고프다,형
배구,명
배꼽,명
배다,동
배달,명
배드민턴,명
배부르다,형
배우,명
배우다,동
배우자,명
배추,명
배추김치,명
배치,명
백,수
백,관
백두산,고
백색,명
백성,명
백인,명
백제,고
백화점,명
뱀,명
뱃사람,명
뱉다,동
버려지다,동
버릇,명
버리다,동
버리다,보
버섯,명
버스,명
버터,명
버튼,명
버티다,동
번,의
번개,명
번거롭다,형
번역,명
번역하다,동
번지,명
번째,의
번호,명
벌,의
벌,명
벌,명
벌금,명
벌다,동
벌떡,부
벌레,명
벌리다,동
벌써,부
벌어지다,동
벌어지다,동
벌이다,동
범위,명
범인,명
범죄,명
법,명
법,의
법률,명
법원,명
법적,명
법칙,명
벗기다,동
벗다,동
베개,명
베다,동
베이징(북경),고
벤치,명
벨트,명
벼,명
벽,명
변경,명
변동,명
변명,명
변신,명
변하다,동
변호사,명
변화,명
변화되다,동
변화하다,동
별,명
별,관
별다르다,형
별도,명
별로,부
별명,명
별일,명
병,명
병,명
병들다,동
병실,명
병아리,명
병원,명
보고,명
보고서,명
보고하다,동
보관,명
보관하다,동
보내다,동
보내오다,동
보너스,명
보다,보
보다,동
보다,부
보도,명
보도되다,동
보도하다,동
보라색,명
보람,명
보름,명
보리,명
보살피다,동
보상,명
보수,명
보수,명
보수적,명
보안,명
보완하다,동
보이다,동
보이다,동
보자기,명
보장,명
보장되다,동
보장하다,동
보전,명
보조,명
보존,명
보존하다,동
보충하다,동
보통,부
보통,명
보편적,명
보험,명
보호,명
보호되다,동
보호하다,동
복,명
복도,명
복사,명
복사기,명
복사하다,동
복숭아,명
복습,명
복습하다,동
복잡하다,형
볶다,동
볶음,명
볶음밥,명
본,관
본격적,명
본래,명
본부,명
본사,명
본성,명
본인,명
본질,명
볼,명
볼링,명
볼일,명
볼펜,명
봄,명
봉사,명
봉사하다,동
봉지,명
봉투,명
뵈다,동
뵈다,동
뵙다,동
부,의
부,명
부,명
부근,명
부끄러움,명
부끄럽다,형
부담,명
부담하다,동
부대,명
부동산,명
부드럽다,형
부딪치다,동
부딪히다,동
부러워하다,동
부러지다,동
부럽다,형
부르다,동
부르다,형
부모,명
부모님,명
부문,명
부부,명
부분,명
부분적,명
부산,고
부상,명
부서,명
부서지다,동
부엌,명
부위,명
부인,명
부인,명
부자,명
부작용,명
부잣집,명
부장,명
부재,명
부정,명
부정적,명
부정하다,동
부족,명
부족,명
부족하다,형
부지런하다,형
부지런히,부
부채,명
부처,명
부치다,동
부친,명
부탁,명
부탁하다,동
부품,명
부피,명
부회장,명
북,명
북부,명
북쪽,명
북한,고
분,의
분,의
분노,명
분량,명
분리,명
분리되다,동
분리하다,동
분명,부
분명하다,형
분명해지다,동
분명히,부
분석,명
분석하다,동
분야,명
분위기,명
분주하다,형
분포하다,동
분필,명
분홍색,명
불,명
불가능하다,형
불가피하다,형
불고기,명
불과,부
불과하다,형
불교,명
불구하다,동
불꽃,명
불다,동
불러일으키다,동
불리다,동
불리다,동
불리하다,형
불만,명
불법,명
불법,명
불빛,명
불쌍하다,형
불안,명
불안하다,형
불어오다,동
불완전하다,형
불이익,명
불편,명
불편하다,형
불평,명
불평등하다,형
불필요하다,형
불행,명
불행하다,형
불확실하다,형
붉다,형
붐비다,동
붓다,동
붓다,동
붙다,동
붙들다,동
붙이다,동
붙잡다,동
붙잡히다,동
브랜드,명
블라우스,명
비,명
비,명
비교,명
비교적,부
비교하다,동
비극,명
비기다,동
비난,명
비누,명
비닐,명
비닐봉지,명
비다,동
비둘기,명
비디오,명
비로소,부
비롯되다,동
비롯하다,동
비만,명
비명,명
비밀,명
비바람,명
비비다,동
비빔밥,명
비상,명
비서,명
비슷하다,형
비싸다,형
비용,명
비우다,동
비웃다,동
비율,명
비중,명
비추다,동
비치다,동
비키다,동
비타민,명
비판,명
비판적,명
비판하다,동
비하다,동
비행,명
비행,명
비행기,명
비행장,명
빌다,동
빌딩,명
빌리다,동
빗,명
빗물,명
빗방울,명
빗줄기,명
빚,명
빛,명
빛깔,명
빛나다,동
빠뜨리다,동
빠르다,형
빠져나가다,동
빠져나오다,동
빠지다,동
빠지다,동
빨간색,명
빨갛다,형
빨다,동
빨다,동
빨래,명
빨리,부
빵,명
빼놓다,동
빼다,동
빼앗기다,동
빼앗다,동
뺏다,동
뺨,명
뻔하다,보
뻔하다,형
뻗다,동
뼈,명
뽑다,동
뽑히다,동
뿌리,명
뿌리다,동
뿌리치다,동
뿐,의
사,수
사건,명
사계절,명
사고,명
사고,명
사과,명
사과,명
사과하다,동
사귀다,동
사기,명
사나이,명
사냥,명
사다,동
사들이다,동
사라지다,동
사람,명
사랑,명
사랑스럽다,형
사랑하다,동
사례,명
사립,명
사망,명
사망하다,동
사모님,명
사무,명
사무소,명
사무실,명
사무직,명
사물,명
사방,명
사상,명
사생활,명
사설,명
사소하다,형
사슴,명
사실,명
사실,부
사실상,부
사십,수
사업,명
사업가,명
사업자,명
사용,명
사용되다,동
사용자,명
사용하다,동
사원,명
사월,명
사위,명
사이,명
사이사이,명
사이좋다,형
사자,명
사장,명
사전,명
사전,명
사정,명
사진,명
사진기,명
사촌,명
사춘기,명
사탕,명
사투리,명
사표,명
사회,명
사회생활,명
사회자,명
사회적,명
사회주의,명
사회학,명
사흘,명
산,명
산길,명
산부인과,명
산소,명
산속,명
산업,명
산책,명
살,명
살,의
살다,동
살리다,동
살림,명
살아가다,동
살아나다,동
살아남다,동
살아오다,동
살인,명
살짝,부
살펴보다,동
살피다,동
삶,명
삶다,동
삼,수
삼가다,동
삼계탕,명
삼국,명
삼다,동
삼십,수
삼월,명
삼촌,명
삼키다,동
상,명
상,명
상,명
상,명
상관,명
상관없다,형
상관없이,부
상금,명
상담,명
상당,명
상당수,명
상당하다,형
상당히,부
상대,명
상대방,명
상대성,명
상대적,명
상대편,명
상류,명
상반기,명
상상,명
상상력,명
상상하다,동
상식,명
상업,명
상인,명
상자,명
상점,명
상징적,명
상징하다,동
상처,명
상추,명
상쾌하다,형
상태,명
상표,명
상품,명
상하다,동
상황,명
새,명
새,명
새,관
새기다,동
새끼,명
새다,동
새로,부
새로이,부
새롭다,형
새벽,명
새소리,명
새우,명
새우다,동
새해,명
색,명
색깔,명
색다르다,형
색연필,명
샌드위치,명
생,명
생각,명
생각나다,동
생각되다,동
생각하다,동
생겨나다,동
생기,명
생기다,동
생명,명
생물,명
생방송,명
생산,명
생산되다,동
생산력,명
생산자,명
생산하다,동
생선,명
생신,명
생일,명
생활,명
생활비,명
생활수준,명
생활용품,명
생활하다,동
생활환경,명
샤워,명
서구,명
서너,관
서늘하다,형
서다,동
서두르다,동
서랍,명
서로,부
서로,명
서류,명
서른,수
서명,명
서명하다,동
서민,명
서부,명
서비스,명
서서히,부
서양,명
서양인,명
서울,고
서울역,고
서적,명
서점,명
서쪽,명
서클,명
서투르다,형
서툴다,형
석,관
석,의
석사,명
석유,명
섞다,동
섞이다,동
선,명
선거,명
선명하다,형
선물,명
선물하다,동
선배,명
선생,명
선생님,명
선수,명
선언하다,동
선원,명
선장,명
선전,명
선정하다,동
선진,명
선진국,명
선택,명
선택하다,동
선풍기,명
선호하다,동
설거지,명
설날,명
설득하다,동
설렁탕,명
설립하다,동
설명,명
설명되다,동
설명하다,동
설문,명
설사,부
설악산,고
설치,명
설치되다,동
설치하다,동
설탕,명
섬,명
섭섭하다,형
섭씨,명
성,명
성,명
성,명
성격,명
성경,명
성공,명
성공적,명
성공하다,동
성당,명
성립되다,동
성립하다,동
성명,명
성별,명
성숙하다,동
성실하다,형
성인,명
성장,명
성장하다,동
성적,명
성적,명
성질,명
성함,명
세,관
세,의
세,의
세계,명
세계관,명
세계적,명
세금,명
세기,명
세다,동
세다,형
세대,명
세련되다,형
세로,명
세미나,명
세상,명
세상에,감
세수,명
세우다,동
세워지다,동
세월,명
세제,명
세종대왕,고
세탁,명
세탁기,명
세탁소,명
세트,명
섹시하다,형
센터,명
센티미터,의
셈,의
셋,수
셋째,관
셋째,수
소,명
소개,명
소개되다,동
소개하다,동
소규모,명
소극적,명
소금,명
소나기,명
소나무,명
소녀,명
소년,명
소득,명
소리,명
소리치다,동
소망,명
소매,명
소문,명
소문나다,동
소박하다,형
소비,명
소비자,명
소비하다,동
소설,명
소설가,명
소속,명
소수,명
소스,명
소시지,명
소식,명
소아과,명
소요되다,동
소용,명
소용없다,형
소원,명
소위,부
소유,명
소유자,명
소유하다,동
소음,명
소재,명
소주,명
소중하다,형
소중히,부
소지품,명
소질,명
소파,명
소포,명
소풍,명
소프트웨어,명
소형,명
소홀히,부
소화,명
소화하다,동
속,명
속담,명
속도,명
속마음,명
속삭이다,동
속상하다,형
속옷,명
속이다,동
속하다,동
손,명
손가락,명
손길,명
손녀,명
손님,명
손등,명
손목,명
손바닥,명
손발,명
손뼉,명
손수,부
손수건,명
손쉽다,형
손실,명
손자,명
손잡다,동
손잡이,명
손질,명
손질하다,동
손톱,명
손해,명
솔직하다,형
솔직히,부
솜,명
솜씨,명
솟다,동
송아지,명
송이,명
송편,명
쇠,명
쇠고기,명
쇼,명
쇼핑,명
수,의
수,명
수,명
수건,명
수고,명
수고하다,동
수년,명
수단,명
수도,명
수도권,명
수도꼭지,명
수돗물,명
수동적,명
수리하다,동
수만,관
수많다,형
수면,명
수명,명
수박,명
수백,관
수상,명
수석,명
수술,명
수시로,부
수십,관
수업,명
수업,명
수없이,부
수염,명
수영,명
수영장,명
수요,명
수요일,명
수입,명
수입,명
수입되다,동
수입품,명
수입하다,동
수저,명
수준,명
수집,명
수집하다,동
수천,관
수출,명
수출하다,동
수컷,명
수표,명
수필,명
수학,명
수학,명
수행하다,동
수험생,명
수화기,명
숙녀,명
숙소,명
숙이다,동
숙제,명
순간,명
순간적,명
순서,명
순수,명
순수하다,형
순식간,명
순위,명
순진하다,형
순하다,형
숟가락,명
술,명
술,의
술병,명
술자리,명
술잔,명
술집,명
숨,명
숨기다,동
숨다,동
숨지다,동
숫자,명
숲,명
쉬다,동
쉬다,동
쉰,수
쉽다,형
슈퍼마켓,명
스님,명
스무,관
스물,수
스스로,부
스스로,명
스승,명
스웨터,명
스위치,명
스치다,동
스케이트,명
스케줄,명
스키,명
스키장,명
스타,명
스타일,명
스튜디오,명
스트레스,명
스포츠,명
슬그머니,부
슬쩍,부
슬퍼하다,동
슬프다,형
슬픔,명
습관,명
습기,명
승객,명
승리,명
승리하다,동
승부,명
승용차,명
승진,명
시,명
시,의
시,명
시각,명
시각,명
시간,의
시간,명
시계,명
시골,명
시금치,명
시기,명
시기,명
시끄럽다,형
시나리오,명
시내,명
시내버스,명
시대,명
시대적,명
시댁,명
시도,명
시도하다,동
시들다,동
시디,명
시디롬,명
시리즈,명
시멘트,명
시민,명
시부모,명
시선,명
시설,명
시스템,명
시아버지,명
시야,명
시어머니,명
시외,명
시외버스,명
시원하다,형
시월,명
시위,명
시인,명
시일,명
시작,명
시작되다,동
시작하다,동
시장,명
시장,명
시절,명
시점,명
시중,명
시즌,명
시집,명
시집,명
시집가다,동
시청,명
시청률,명
시청자,명
시키다,동
시합,명
시험,명
식,의
식구,명
식기,명
식다,동
식당,명
식량,명
식료품,명
식물,명
식빵,명
식사,명
식사하다,동
식생활,명
식욕,명
식용유,명
식초,명
식탁,명
식품,명
식품점,명
식히다,동
신,명
신,명
신경,명
신고,명
신고하다,동
신규,명
신기하다,형
신기하다,형
신념,명
신다,동
신라,고
신랑,명
신문,명
신문사,명
신문지,명
신발,명
신부,명
신부,명
신분,명
신비,명
신사,명
신선하다,형
신설,명
신세,명
신세대,명
신속하다,형
신용,명
신인,명
신입생,명
신제품,명
신중하다,형
신청,명
신청서,명
신청하다,동
신체,명
신체적,명
신호,명
신호등,명
신혼부부,명
신혼여행,명
신화,명
싣다,동
실,명
실감,명
실내,명
실력,명
실례,명
실례하다,동
실로,부
실리다,동
실망,명
실망하다,동
실수,명
실수하다,동
실습,명
실시,명
실시되다,동
실시하다,동
실은,부
실장,명
실정,명
실제,부
실제,명
실제로,부
실질적,명
실천,명
실천하다,동
실체,명
실컷,부
실태,명
실패,명
실패하다,동
실험,명
실현,명
실현되다,동
실현하다,동
싫다,형
싫어지다,동
싫어하다,동
심각하다,형
심각해지다,동
심다,동
심리,명
심리적,명
심부름,명
심사,명
심심하다,형
심장,명
심정,명
심판,명
심하다,형
심해지다,동
십,수
십이월,명
십일월,명
싱겁다,형
싱싱하다,형
싶다,보
싶어지다,보
싸구려,명
싸다,동
싸다,형
싸우다,동
싸움,명
싹,부
싼값,명
쌀,명
쌍,명
쌍둥이,명
쌓다,동
쌓이다,동
썩,부
썩다,동
썰다,동
썰렁하다,형
쏘다,동
쏟다,동
쏟아지다,동
쓰다,동
쓰다,동
쓰다,동
쓰다,형
쓰다듬다,동
쓰러지다,동
쓰레기,명
쓰레기통,명
쓰이다,동
쓰이다,동
쓴맛,명
쓸다,동
쓸데없다,형
쓸데없이,부
쓸쓸하다,형
씌우다,동
씨,명
씨,의
씨름,명
씨앗,명
씩씩하다,형
씹다,동
씻기다,동
씻기다,동
씻다,동
아,감
아가씨,명
아기,명
아까,부
아까,명
아깝다,형
아끼다,동
아나운서,명
아내,명
아냐,감
아뇨,감
아니,부
아니,감
아니다,형
아니야,감
아니요,감
아니하다,보
아드님,명
아들,명
아래,명
아래쪽,명
아래층,명
아랫사람,명
아르바이트,명
아름답다,형
아마,부
아마도,부
아무,관
아무,대
아무개,대
아무것,명
아무래도,부
아무런,관
아무렇다,형
아무리,부
아무튼,부
아버님,명
아버지,명
아빠,명
아쉬움,명
아쉽다,형
아스팔트,명
아시아,고
아아,감
아예,부
아울러,부
아유,감
아이,명
아이,감
아이고,감
아이디어,명
아이스크림,명
아저씨,명
아주,부
아주머니,명
아줌마,명
아직,부
아침,명
아파트,명
아프다,형
아프리카,고
아픔,명
아하,감
아홉,수
아흔,수
악기,명
악몽,명
악수,명
안,명
안,부
안,명
안개,명
안경,명
안과,명
안기다,동
안기다,동
안내,명
안내하다,동
안녕,감
안녕하다,형
안녕히,부
안다,동
안동,고
안되다,동
안되다,형
안방,명
안부,명
안심하다,동
안전,명
안전하다,형
안정,명
안정되다,동
안주,명
안쪽,명
안타깝다,형
안팎,명
앉다,동
앉히다,동
않다,동
않다,보
알,명
알다,동
알려지다,동
알루미늄,명
알리다,동
알맞다,형
알아내다,동
알아듣다,동
알아보다,동
알아주다,동
알코올,명
앓다,동
암,명
암시,명
암컷,명
압력,명
앞,명
앞길,명
앞날,명
앞두다,동
앞뒤,명
앞문,명
앞바다,명
앞서,부
앞서다,동
앞세우다,동
앞장서다,동
앞쪽,명
애,명
애,명
애쓰다,동
애인,명
애정,명
애초,명
액세서리,명
액수,명
앨범,명
야,감
야간,명
야구,명
야구장,명
야단,명
야옹,부
야외,명
야채,명
야하다,형
약,명
약,관
약,명
약간,명
약간,부
약국,명
약속,명
약속하다,동
약수,명
약점,명
약품,명
약하다,형
약해지다,동
약혼녀,명
약혼자,명
얄밉다,형
얇다,형
양,명
양,관
양,명
양,의
양국,명
양념,명
양력,명
양말,명
양배추,명
양보,명
양보하다,동
양복,명
양상추,명
양식,명
양식,명
양심,명
양옆,명
양주,명
양쪽,명
양파,명
얕다,형
얘,감
얘,불
얘기,명
얘기하다,동
어,감
어기다,동
어깨,명
어느,관
어느덧,부
어느새,부
어두워지다,동
어둠,명
어둡다,형
어디,감
어디,대
어때,불
어떠하다,형
어떡하다,불
어떤,관
어떻다,형
어려움,명
어려워지다,동
어렵다,형
어른,명
어리다,동
어리다,형
어리석다,형
어린아이,명
어린애,명
어린이,명
어린이날,명
어머,감
어머니,명
어머님,명
어색하다,형
어서,부
어울리다,동
어저께,명
어제,부
어제,명
어젯밤,명
어지럽다,형
어째서,불
어쨌든,부
어쩌다,동
어쩌다,부
어쩌다가,부
어쩌면,부
어쩐지,부
어쩜,부
어찌,부
어찌나,부
어찌하다,동
억,수
억울하다,형
언니,명
언덕,명
언론,명
언어,명
언제,부
언제,대
언제나,부
언젠가,부
얹다,동
얻다,동
얻어먹다,동
얼굴,명
얼다,동
얼른,부
얼리다,동
얼마,명
얼마간,명
얼마나,부
얼음,명
얼핏,부
엄격하다,형
엄마,명
엄숙하다,형
엄청나다,형
업다,동
업무,명
업종,명
업체,명
없다,형
없애다,동
없어지다,동
없이,부
엇갈리다,동
엉덩이,명
엉뚱하다,형
엉망,명
엉터리,명
엊그제,부
엎드리다,동
에,감
에너지,명
에어컨,명
엔,의
엔진,명
엘리베이터,명
여,명
여가,명
여간,부
여건,명
여겨지다,동
여고생,명
여관,명
여군,명
여권,명
여기,대
여기다,동
여기저기,명
여대생,명
여덟,수
여동생,명
여든,수
여러,관
여러분,대
여럿,명
여론,명
여름,명
여름철,명
여보,감
여보세요,감
여섯,수
여성,명
여왕,명
여우,명
여유,명
여인,명
여자,명
여전하다,형
여전히,부
여직원,명
여쭈다,동
여학생,명
여행,명
여행사,명
여행하다,동
역,명
역,명
역사,명
역사가,명
역사상,명
역사적,명
역사학,명
역시,부
역할,명
연간,명
연결,명
연결되다,동
연결하다,동
연관,명
연구,명
연구소,명
연구실,명
연구원,명
연구자,명
연구하다,동
연극,명
연기,명
연기,명
연기,명
연기되다,동
연기자,명
연기하다,동
연두색,명
연락,명
연락처,명
연락하다,동
연령,명
연말,명
연상하다,동
연설,명
연세,명
연속,명
연습,명
연습하다,동
연애,명
연예인,명
연인,명
연장,명
연주,명
연출,명
연출하다,동
연필,명
연하다,형
연합,명
연휴,명
열,수
열,명
열기,명
열다,동
열리다,동
열리다,동
열매,명
열쇠,명
열심히,부
열정,명
열중하다,동
열차,명
열흘,명
엷다,형
염려,명
염려하다,동
엽서,명
엿보다,동
영,부
영국,고
영남,명
영상,명
영상,명
영양,명
영어,명
영업,명
영역,명
영웅,명
영원하다,형
영원히,부
영하,명
영향,명
영향력,명
영혼,명
영화,명
영화관,명
영화배우,명
영화제,명
옆,명
옆구리,명
옆방,명
옆집,명
예,명
예,감
예,명
예감,명
예고하다,동
예금,명
예매하다,동
예방,명
예방하다,동
예보,명
예비,명
예쁘다,형
예산,명
예상,명
예상되다,동
예상하다,동
예선,명
예순,수
예술,명
예술가,명
예술적,명
예습,명
예습하다,동
예식장,명
예약,명
예약하다,동
예외,명
예의,명
예전,명
예절,명
예정,명
예정되다,동
예측하다,동
예컨대,부
옛,관
옛날,명
옛날이야기,명
오,감
오,수
오가다,동
오늘,부
오늘,명
오늘날,명
오다,보
오다,동
오락,명
오래,부
오래간만,명
오래도록,부
오래되다,동
오래전,명
오랜,관
오랜만,명
오랫동안,명
오렌지,명
오로지,부
오르내리다,동
오르다,동
오른발,명
오른손,명
오른쪽,명
오리,명
오븐,명
오빠,명
오십,수
오염,명
오염되다,동
오월,명
오이,명
오전,명
오직,부
오징어,명
오페라,명
오피스텔,명
오해,명
오후,명
오히려,부
옥상,명
옥수수,명
온,관
온갖,관
온도,명
온돌,명
온라인,명
온몸,명
온종일,명
온통,부
올,명
올,관
올가을,명
올라가다,동
올라서다,동
올라오다,동
올라타다,동
올려놓다,동
올려다보다,동
올리다,동
올림픽,명
올바르다,형
올여름,명
올해,명
옮기다,동
옳다,형
옷,명
옷차림,명
와,감
와이셔츠,명
와인,명
완벽하다,형
완성,명
완성되다,동
완성하다,동
완전,명
완전하다,형
완전히,부
왕,명
왕비,명
왕자,명
왜,부
왜냐하면,부
왠지,부
외,의
외갓집,명
외과,명
외교,명
외교관,명
외국,명
외국어,명
외국인,명
외다,동
외로움,명
외롭다,형
외면하다,동
외모,명
외부,명
외삼촌,명
외아들,명
외우다,동
외제,명
외출,명
외출하다,동
외치다,동
외침,명
외할머니,명
외할아버지,명
왼발,명
왼손,명
왼쪽,명
요,관
요구,명
요구되다,동
요구하다,동
요금,명
요리,명
요리사,명
요리하다,동
요새,명
요약하다,동
요일,명
요즈음,명
요즘,명
요청,명
요청하다,동
욕,명
욕실,명
욕심,명
욕하다,동
용,명
용감하다,형
용기,명
용기,명
용도,명
용돈,명
용서,명
용서하다,동
용어,명
우려,명
우리,대
우리나라,명
우리말,명
우산,명
우선,부
우수하다,형
우습다,형
우승,명
우승하다,동
우아하다,형
우연히,부
우울하다,형
우유,명
우정,명
우주,명
우체국,명
우편,명
우표,명
운,명
운동,명
운동복,명
운동장,명
운동하다,동
운동화,명
운명,명
운반,명
운영하다,동
운전,명
운전기사,명
운전사,명
운전자,명
운전하다,동
운행,명
울다,동
울리다,동
울리다,동
울산,고
울음,명
울음소리,명
움직이다,동
움직임,명
웃기다,동
웃다,동
웃어른,명
웃음,명
웃음소리,명
워낙,부
원,의
원,감
원,명
원고,명
원래,명
원서,명
원숭이,명
원인,명
원장,명
원피스,명
원하다,동
월,의
월급,명
월드컵,명
월세,명
월요일,명
웨이터,명
웬,관
웬만하다,형
웬일,명
위,명
위,의
위,명
위기,명
위대하다,형
위로,명
위로하다,동
위반,명
위반하다,동
위법,명
위성,명
위아래,명
위원,명
위원장,명
위주,명
위쪽,명
위층,명
위치,명
위치하다,동
위하다,동
위험,명
위험성,명
위험하다,형
위협,명
윗몸,명
윗사람,명
유교,명
유난히,부
유능하다,형
유럽,고
유리,명
유리창,명
유리하다,형
유머,명
유명,명
유명하다,형
유물,명
유발하다,동
유사하다,형
유산,명
유월,명
유의하다,동
유적,명
유적지,명
유지되다,동
유지하다,동
유치원,명
유학,명
유학,명
유학생,명
유행,명
유행하다,동
유형,명
육,수
육군,명
육상,명
육십,수
육체,명
육체적,명
으레,부
으응,감
은,명
은은하다,형
은행,명
은행나무,명
음,감
음력,명
음료,명
음료수,명
음반,명
음성,명
음식,명
음식물,명
음식점,명
음악,명
음악가,명
음주,명
응,감
응답하다,동
의견,명
의논,명
의논하다,동
의도,명
의도적,명
의류,명
의무,명
의문,명
의미,명
의미하다,동
의복,명
의사,명
의사,명
의식,명
의식,명
의식하다,동
의심,명
의심하다,동
의외로,부
의욕,명
의원,명
의자,명
의존하다,동
의지,명
의지하다,동
의하다,동
의학,명
이,명
이,의
이,대
이,관
이,수
이같이,부
이거,대
이것,대
이것저것,명
이곳,대
이곳저곳,명
이기다,동
이끌다,동
이날,명
이내,부
이내,명
이념,명
이놈,대
이다음,명
이달,명
이대로,부
이데올로기,명
이동,명
이동하다,동
이따가,부
이따금,부
이때,명
이래,의
이래서,불
이러다,동
이러하다,형
이런,관
이런저런,관
이렇게,불
이렇다,형
이력서,명
이론적,명
이롭다,형
이루다,동
이루어지다,동
이룩하다,동
이뤄지다,동
이르다,동
이르다,동
이르다,형
이름,명
이리,부
이리저리,부
이마,명
이모,명
이미,부
이미지,명
이민,명
이발소,명
이번,명
이별,명
이분,대
이불,명
이빨,명
이사,명
이사장,명
이사하다,동
이상,명
이상,명
이상,명
이상적,명
이상하다,형
이성,명
이성,명
이슬,명
이십,수
이야기,명
이야기하다,동
이어,부
이어서,부
이어지다,동
이외,명
이용,명
이용되다,동
이용자,명
이용하다,동
이웃,명
이웃집,명
이월,명
이유,명
이윽고,부
이익,명
이자,명
이전,명
이제,명
이제,부
이제야,부
이중,명
이쪽,대
이튿날,명
이틀,명
이하,명
이해,명
이해,명
이해관계,명
이해되다,동
이해하다,동
이혼,명
이혼하다,동
이후,명
익다,동
익다,형
익숙하다,형
익숙해지다,동
익히다,동
익히다,동
인,명
인간,명
인간관계,명
인간성,명
인간적,명
인격,명
인공,명
인구,명
인근,명
인기,명
인도,명
인류,명
인물,명
인분,의
인사,명
인사,명
인사,명
인사말,명
인사하다,동
인삼,명
인삼차,명
인상,명
인상,명
인상,명
인상적,명
인생,명
인쇄,명
인식하다,동
인연,명
인원,명
인재,명
인정되다,동
인정받다,동
인정하다,동
인제,명
인제,부
인종,명
인천,고
인천공항,고
인체,명
인터넷,명
인터뷰,명
인하,명
인하다,동
인형,명
일,명
일,수
일,의
일곱,수
일기,명
일기,명
일단,부
일대,관
일등,명
일반,명
일반인,명
일반적,명
일본,고
일본어,명
일부,명
일부러,부
일상,명
일상생활,명
일상적,명
일생,명
일손,명
일시적,명
일식,명
일쑤,명
일어나다,동
일어서다,동
일요일,명
일월,명
일으키다,동
일일이,부
일자,명
일자리,명
일정,명
일정하다,형
일종,명
일주일,명
일찍,부
일찍이,부
일체,명
일치,명
일치하다,동
일하다,동
일행,명
일회용,명
일회용품,명
일흔,수
읽다,동
읽히다,동
잃다,동
잃어버리다,동
임금,명
임금,명
임무,명
임시,명
임신,명
임신부,명
임신하다,동
입,명
입구,명
입국,명
입다,동
입대,명
입력,명
입력하다,동
입맛,명
입사,명
입사하다,동
입술,명
입시,명
입원,명
입원하다,동
입장,명
입학,명
입학하다,동
입히다,동
잇다,동
잇따르다,동
있다,동
있다,보
있다,형
잊다,동
잊어버리다,동
잊혀지다,동
잎,명
자,명
자,감
자,명
자,의
자가용,명
자격,명
자격증,명
자극,명
자극하다,동
자기,대
자기,명
자꾸,부
자꾸만,부
자네,대
자녀,명
자다,동
자동,명
자동차,명
자라나다,동
자라다,동
자랑,명
자랑스럽다,형
자랑하다,동
자료,명
자르다,동
자리,명
자리,명
자매,명
자부심,명
자살,명
자살하다,동
자세,명
자세하다,형
자세히,부
자식,명
자신,명
자신,명
자신감,명
자연,명
자연스럽다,형
자연적,명
자연현상,명
자연환경,명
자연히,부
자원,명
자유,명
자유롭다,형
자율,명
자장면,명
자전거,명
자정,명
자존심,명
자주,부
자체,명
자취,명
자판,명
자판기,명
작가,명
작년,명
작다,형
작성,명
작성하다,동
작아지다,동
작업,명
작용,명
작용하다,동
작은딸,명
작은아들,명
작은아버지,명
작은어머니,명
작품,명
잔,명
잔디,명
잔디밭,명
잔뜩,부
잔치,명
잘,부
잘나다,형
잘되다,동
잘리다,동
잘못,부
잘못,명
잘못되다,동
잘못하다,동
잘살다,동
잘생기다,형
잘하다,동
잠,명
잠그다,동
잠기다,동
잠깐,부
잠깐,명
잠들다,동
잠바,명
잠수함,명
잠시,명
잠시,부
잠옷,명
잠자다,동
잠자리,명
잠자리,명
잡다,동
잡수다,동
잡수시다,동
잡아당기다,동
잡아먹다,동
잡지,명
잡히다,동
장,의
장,명
장가,명
장갑,명
장관,명
장군,명
장기간,명
장기적,명
장난,명
장난감,명
장남,명
장래,명
장례,명
장례식,명
장르,명
장마,명
장면,명
장모,명
장모님,명
장미,명
장비,명
장사,명
장사꾼,명
장소,명
장수,명
장식,명
장애인,명
장인,명
장점,명
장차,부
장학금,명
잦다,형
재능,명
재다,동
재료,명
재미,명
재미없다,형
재미있다,형
재밌다,형
재빨리,부
재산,명
재생,명
재수,명
재우다,동
재작년,명
재정,명
재주,명
재즈,명
재채기,명
재판,명
재학,명
재활용,명
재활용품,명
쟤,불
저,대
저,관
저,대
저,감
저거,대
저것,대
저고리,명
저곳,대
저기,대
저기,감
저녁,명
저녁때,명
저러다,동
저런,관
저런,감
저렇게,불
저렇다,형
저리,부
저마다,부
저번,명
저울,명
저자,명
저절로,부
저지르다,동
저쪽,대
저축,명
저편,대
저희,대
적,의
적,명
적극,명
적극적,명
적다,동
적다,형
적당하다,형
적당히,부
적성,명
적어도,부
적어지다,동
적용,명
적용되다,동
적용하다,동
적응,명
적응하다,동
적절하다,형
적합하다,형
적히다,동
전,관
전,관
전,명
전개,명
전개되다,동
전개하다,동
전공,명
전공하다,동
전구,명
전국,명
전국적,명
전기,명
전기,명
전기,명
전기밥솥,명
전날,명
전달,명
전달되다,동
전달하다,동
전라도,고
전망,명
전망하다,동
전문,명
전문가,명
전문적,명
전문점,명
전문직,명
전반,명
전반적,명
전부,명
전부,부
전선,명
전설,명
전세,명
전시,명
전시되다,동
전시장,명
전시하다,동
전시회,명
전용,명
전자,명
전쟁,명
전주,고
전철,명
전체,명
전체적,명
전통,명
전통문화,명
전통적,명
전하다,동
전해지다,동
전혀,부
전화,명
전화기,명
전화번호,명
전화하다,동
전환,명
전환하다,동
전후,명
절,명
절,명
절,명
절대,부
절대,명
절대로,부
절대적,명
절망,명
절반,명
절약,명
절약하다,동
절차,명
젊다,형
젊은이,명
젊음,명
점,의
점,명
점검,명
점수,명
점심,명
점심때,명
점심시간,명
점원,명
점잖다,형
점점,부
점차,부
접근,명
접근하다,동
접다,동
접시,명
접촉,명
접하다,동
젓가락,명
젓다,동
정,명
정거장,명
정기,명
정기적,명
정답,명
정당,명
정도,명
정류장,명
정리,명
정리되다,동
정리하다,동
정말,부
정말,감
정말,명
정말로,부
정면,명
정문,명
정반대,명
정보,명
정보화,명
정부,명
정비,명
정상,명
정상,명
정상적,명
정성,명
정식,명
정신,명
정신과,명
정신없이,부
정신적,명
정오,명
정원,명
정장,명
정지,명
정직하다,형
정치,명
정치권,명
정치인,명
정치적,명
정치학,명
정하다,동
정해지다,동
정확하다,형
정확히,부
젖,명
젖다,동
제거하다,동
제공,명
제공하다,동
제과점,명
제대로,부
제대하다,동
제도적,명
제목,명
제발,부
제법,부
제비,명
제사,명
제삿날,명
제시,명
제시되다,동
제시하다,동
제안,명
제안하다,동
제약,명
제외되다,동
제외하다,동
제의,명
제의하다,동
제일,명
제자,명
제자리,명
제작,명
제작하다,동
제주도,고
제출,명
제출하다,동
제품,명
제한,명
제한되다,동
제한하다,동
조,의
조,의
조,명
조각,명
조각,명
조개,명
조건,명
조그마하다,형
조그맣다,형
조금,부
조금,명
조금씩,부
조기,명
조깅,명
조르다,동
조명,명
조미료,명
조사,명
조사하다,동
조상,명
조선,고
조심스럽다,형
조심하다,동
조용하다,형
조용히,부
조절,명
조절하다,동
조정,명
조정하다,동
조직,명
조카,명
조화되다,동
존경하다,동
존댓말,명
존재,명
존재하다,동
존중하다,동
졸다,동
졸리다,동
졸업,명
졸업생,명
졸업하다,동
졸음,명
좀,부
좁다,형
좁히다,동
종,명
종,명
종교,명
종교적,명
종로,고
종류,명
종소리,명
종업원,명
종이,명
종이컵,명
종일,명
종종,부
종합,명
종합하다,동
좋다,형
좋아,감
좋아지다,동
좋아하다,동
좌석,명
좌우,명
죄,명
죄송하다,형
죄인,명
주,관
주,의
주,명
주거,명
주고받다,동
주관적,명
주년,의
주다,보
주다,동
주로,부
주름,명
주름살,명
주말,명
주머니,명
주먹,명
주무시다,동
주문,명
주문,명
주문하다,동
주민,명
주방,명
주변,명
주부,명
주사,명
주소,명
주스,명
주식,명
주어지다,동
주요,명
주요하다,형
주위,명
주의,명
주의하다,동
주인,명
주인공,명
주일,의
주장,명
주장하다,동
주저앉다,동
주전자,명
주제,명
주차,명
주차장,명
주차하다,동
주택,명
주한,명
죽,부
죽,명
죽다,동
죽다,보
죽음,명
죽이다,동
준비,명
준비되다,동
준비물,명
준비하다,동
줄,명
줄,의
줄거리,명
줄곧,부
줄기,명
줄다,동
줄무늬,명
줄어들다,동
줄이다,동
줍다,동
중,의
중간,명
중계방송,명
중국,고
중국어,명
중국집,명
중년,명
중단,명
중단되다,동
중단하다,동
중대하다,형
중독,명
중반,명
중부,명
중세,명
중소기업,명
중순,명
중식,명
중심,명
중심지,명
중앙,명
중얼거리다,동
중요,명
중요성,명
중요시하다,동
중요하다,형
중학교,명
중학생,명
쥐,명
쥐다,동
즉,부
즉석,명
즉시,명
즐거움,명
즐거워하다,동
즐겁다,형
즐기다,동
증가,명
증가하다,동
증거,명
증권,명
증권사,명
증명하다,동
증상,명
증세,명
지,의
지각,명
지갑,명
지겹다,형
지경,의
지구,명
지구,명
지극히,부
지금,부
지금,명
지금껏,부
지급,명
지급하다,동
지나가다,동
지나다,동
지나치다,동
지나치다,형
지난날,명
지난달,명
지난번,명
지난주,명
지난해,명
지내다,동
지능,명
지니다,동
지다,동
지다,동
지다,동
지다,동
지대,명
지도,명
지도,명
지도자,명
지도하다,동
지루하다,형
지르다,동
지름길,명
지리산,고
지방,명
지방,명
지배하다,동
지불하다,동
지붕,명
지속되다,동
지속적,명
지시,명
지시하다,동
지식,명
지식인,명
지역,명
지우개,명
지우다,동
지우다,동
지워지다,동
지원,명
지원하다,동
지위,명
지저분하다,형
지적,명
지적,명
지적되다,동
지적하다,동
지점,명
지점,명
지지,명
지진,명
지출,명
지치다,동
지켜보다,동
지키다,동
지폐,명
지하,명
지하도,명
지하철,명
지혜,명
직선,명
직업,명
직원,명
직장,명
직장인,명
직전,명
직접,부
직접,명
직접적,명
직후,명
진급,명
진단,명
진단하다,동
진달래,명
진동,명
진로,명
진료,명
진리,명
진실,명
진실로,부
진실하다,형
진심,명
진지하다,형
진짜,명
진짜,부
진찰,명
진출,명
진출하다,동
진통,명
진하다,형
진행,명
진행되다,동
진행자,명
진행하다,동
질,명
질문,명
질문하다,동
질병,명
질서,명
질적,명
짐,명
짐작,명
짐작하다,동
집,명
집다,동
집단,명
집단적,명
집안,명
집안일,명
집어넣다,동
집중,명
집중되다,동
집중적,명
집중하다,동
짓,명
짓다,동
짙다,형
짚다,동
짜다,동
짜다,동
짜다,형
짜증,명
짜증스럽다,형
짝,명
짧다,형
짧아지다,동
쩔쩔매다,동
쪽,명
쪽,의
쪽,의
쫓겨나다,동
쫓기다,동
쫓다,동
쭉,부
찌개,명
찌꺼기,명
찌다,동
찌다,동
찌르다,동
찍다,동
찍히다,동
찢다,동
찢어지다,동
차,의
차,명
차,명
차,명
차갑다,형
차남,명
차다,동
차다,동
차다,동
차다,형
차라리,부
차량,명
차례,명
차리다,동
차림,명
차마,부
차별,명
차선,명
차이,명
차이점,명
차차,부
차창,명
차츰,부
착각,명
착각하다,동
착하다,형
찬물,명
찬성,명
찬성하다,동
참,부
참,감
참,의
참가,명
참가하다,동
참고하다,동
참기름,명
참다,동
참되다,형
참새,명
참석,명
참석자,명
참석하다,동
참여,명
참여하다,동
참외,명
참으로,부
참조,명
찻잔,명
창,명
창가,명
창고,명
창구,명
창문,명
창밖,명
창작,명
창조,명
창조적,명
창조하다,동
창피하다,형
찾다,동
찾아가다,동
찾아내다,동
찾아다니다,동
찾아보다,동
찾아오다,동
채,의
채,의
채,부
채널,명
채소,명
채우다,동
채점,명
책,명
책가방,명
책방,명
책상,명
책임,명
책임감,명
책임자,명
책임지다,동
챔피언,명
챙기다,동
처녀,명
처리,명
처벌,명
처음,명
처지,명
척,의
척,의
척하다,보
천,명
천,수
천,관
천국,명
천둥,명
천장,명
천재,명
천천히,부
철,명
철,명
철,명
철도,명
철저하다,형
철저히,부
철학,명
철학자,명
철학적,명
첫,관
첫날,명
첫째,관
첫째,수
청년,명
청바지,명
청소,명
청소기,명
청소년,명
청소하다,동
청춘,명
청하다,동
체계적,명
체력,명
체온,명
체육,명
체육관,명
체조,명
체중,명
체하다,보
체험,명
체험하다,동
쳐다보다,동
초,의
초,의
초기,명
초대,명
초대,명
초대하다,동
초등학교,명
초등학생,명
초록색,명
초반,명
초밥,명
초보,명
초보자,명
초상화,명
초순,명
초여름,명
초원,명
초저녁,명
초점,명
초조하다,형
초청,명
초청장,명
초청하다,동
초콜릿,명
촌스럽다,형
촛불,명
총,명
총,관
총각,명
총리,명
총장,명
촬영,명
최고,명
최고급,명
최근,명
최대,명
최대한,명
최상,명
최선,명
최소,명
최소한,명
최신,명
최악,명
최저,명
최종,명
최초,명
최후,명
추가,명
추가되다,동
추가하다,동
추다,동
추석,명
추억,명
추위,명
추진,명
추진하다,동
추천,명
추천하다,동
추측,명
축구,명
축구공,명
축구장,명
축소,명
축제,명
축하,명
축하하다,동
출구,명
출국,명
출근,명
출근하다,동
출발,명
출발점,명
출발하다,동
출산,명
출석하다,동
출신,명
출연,명
출연하다,동
출입,명
출입국,명
출입문,명
출장,명
출퇴근,명
출판,명
출판사,명
출현하다,동
춤,명
춤추다,동
춥다,형
충격,명
충격적,명
충고,명
충돌,명
충돌하다,동
충분하다,형
충분히,부
충청도,고
취미,명
취소,명
취소하다,동
취업,명
취재,명
취직,명
취하다,동
취하다,동
취향,명
층,명
치과,명
치다,동
치다,동
치다,동
치다,동
치료,명
치료법,명
치료하다,동
치르다,동
치마,명
치아,명
치약,명
치우다,동
치우다,보
치즈,명
친구,명
친절,명
친절하다,형
친정,명
친척,명
친하다,형
친해지다,동
칠,수
칠십,수
칠월,명
칠판,명
칠하다,동
침,명
침대,명
침묵,명
침실,명
침착하다,형
칫솔,명
칭찬,명
칭찬하다,동
카드,명
카레,명
카메라,명
카운터,명
카페,명
칸,명
칼,명
칼국수,명
캄캄하다,형
캐나다,고
캐릭터,명
캠퍼스,명
캠페인,명
커다랗다,형
커지다,동
커튼,명
커피,명
컨디션,명
컬러,명
컴퓨터,명
컵,명
케첩,명
켜다,동
켜지다,동
코,명
코끝,명
코끼리,명
코너,명
코드,명
코미디,명
코스,명
코스모스,명
코치,명
코트,명
코피,명
콘서트,명
콜라,명
콤플렉스,명
콩,명
콩나물,명
쾌감,명
쿠데타,명
크기,명
크다,형
크다,동
크리스마스,명
크림,명
큰길,명
큰딸,명
큰소리,명
큰아들,명
큰아버지,명
큰어머니,명
큰일,명
큰절,명
클래식,명
클럽,명
키,명
키스,명
키우다,동
킬로,의
킬로그램,의
킬로미터,의
타고나다,동
타다,동
타다,동
타다,동
타다,동
타락,명
타오르다,동
타입,명
타자기,명
탁,부
탁구,명
탁월하다,형
탁자,명
탄생,명
탄생하다,동
탈출하다,동
탑,명
탓,명
태권도,명
태도,명
태아,명
태양,명
태어나다,동
태우다,동
태우다,동
태풍,명
택시,명
택하다,동
탤런트,명
터,명
터,의
터널,명
터뜨리다,동
터미널,명
터지다,동
턱,명
턱,의
털,명
털다,동
텅,부
테니스,명
테러,명
테스트,명
테이블,명
테이프,명
텍스트,명
텔레비전,명
토끼,명
토대,명
토론,명
토론자,명
토론하다,동
토론회,명
토마토,명
토요일,명
토하다,동
톤,의
통,명
통,의
통계,명
통과,명
통과하다,동
통로,명
통신,명
통역,명
통일,명
통일하다,동
통장,명
통제,명
통증,명
통하다,동
통합,명
통화,명
통화,명
퇴근,명
퇴근하다,동
퇴원,명
퇴원하다,동
퇴직금,명
투명하다,형
투자,명
투표,명
튀기다,동
튀김,명
튀다,동
튀어나오다,동
트럭,명
트이다,동
특급,명
특별,명
특별하다,형
특별히,부
특성,명
특수,명
특수성,명
특이하다,형
특정하다,형
특징,명
특히,부
튼튼하다,형
튼튼히,부
틀,명
틀다,동
틀리다,동
틀림없다,형
틀림없이,부
틈,명
티브이,명
티셔츠,명
팀,명
파,명
파괴하다,동
파다,동
파도,명
파란색,명
파랗다,형
파리,고
파리,명
파악하다,동
파일,명
파출소,명
파티,명
판,명
판,의
판,명
판,명
판결,명
판단,명
판단하다,동
판매,명
판매되다,동
판매하다,동
판사,명
팔,명
팔,수
팔다,동
팔리다,동
팔십,수
팔월,명
팝송,명
패션,명
팩,명
팩스,명
팩시밀리,명
팬,명
팬,명
팬티,명
퍼센트,의
퍼지다,동
퍽,부
페인트,명
펴내다,동
펴다,동
편,의
편,의
편,의
편견,명
편리하다,형
편안하다,형
편의,명
편의점,명
편지,명
편하다,형
편히,부
펼쳐지다,동
평,의
평,명
평가,명
평가되다,동
평가하다,동
평균,명
평범하다,형
평상시,명
평생,명
평소,명
평양,고
평일,명
평화,명
평화롭다,형
폐지,명
포근하다,형
포기하다,동
포도,명
포도주,명
포스터,명
포인트,명
포장,명
포장마차,명
포크,명
포함,명
포함되다,동
포함하다,동
폭,명
폭넓다,형
폭력,명
표,명
표,명
표면,명
표시,명
표시,명
표시하다,동
표시하다,동
표정,명
표준,명
표현,명
표현되다,동
표현하다,동
푸다,동
푸르다,형
푹,부
풀,명
풀,명
풀다,동
풀리다,동
풀어지다,동
품,명
품다,동
품목,명
품질,명
풍경,명
풍부하다,형
풍속,명
풍습,명
프랑스,고
프로,명
프로,명
프로그램,명
프린터,명
플라스틱,명
피,명
피곤,명
피곤하다,형
피다,동
피디,명
피로,명
피로하다,형
피망,명
피부,명
피시,명
피아노,명
피우다,동
피자,명
피하다,동
피해,명
피해자,명
필름,명
필수,명
필수적,명
필연적,명
필요,명
필요성,명
필요하다,형
필자,명
필통,명
핑계,명
하,명
하긴,부
하나,수
하나,명
하나님,명
하나하나,명
하나하나,부
하느님,명
하늘,명
하다,보
하다,동
하도,부
하드웨어,명
하루,명
하룻밤,명
하반기,명
하숙집,명
하순,명
하얀색,명
하얗다,형
하여튼,부
하지만,부
하천,명
하품,명
하필,부
하하,부
학과,명
학교,명
학교생활,명
학급,명
학기,명
학년,명
학력,명
학번,명
학부모,명
학비,명
학생,명
학생증,명
학술,명
학습,명
학용품,명
학원,명
학위,명
학자,명
학점,명
한,관
한,명
한,명
한가운데,명
한가하다,형
한강,고
한겨울,명
한결,부
한계,명
한구석,명
한국,고
한국말,명
한국어,명
한국적,명
한글,명
한글날,명
한꺼번에,부
한낮,명
한눈,명
한데,부
한동안,명
한두,관
한둘,수
한때,명
한라산,고
한마디,명
한문,명
한반도,고
한밤중,명
한번,명
한복,명
한순간,명
한숨,명
한식,명
한여름,명
한자,명
한잔,명
한잔하다,동
한정되다,동
한정하다,동
한쪽,명
한참,명
한창,부
한층,부
한편,부
한편,명
한평생,명
한하다,동
할머니,명
할아버지,명
할인,명
함께,부
함께하다,동
함부로,부
합격,명
합격하다,동
합리적,명
합치다,동
합하다,동
항공,명
항공기,명
항구,명
항상,부
항의,명
해,의
해,명
해,명
해결,명
해결되다,동
해결하다,동
해군,명
해내다,동
해답,명
해당,명
해당되다,동
해당하다,동
해롭다,형
해마다,부
해물,명
해석,명
해석,명
해석하다,동
해설,명
해소,명
해소하다,동
해수욕장,명
해안,명
해외,명
해외여행,명
핵,명
핵심,명
핸드백,명
핸드폰,명
햄,명
햄버거,명
햇볕,명
햇빛,명
햇살,명
행동,명
행동하다,동
행복,명
행복하다,형
행사,명
행사,명
행운,명
행위,명
행하다,동
행해지다,동
향,명
향기,명
향상,명
향상되다,동
향수,명
향하다,동
허가,명
허락,명
허락하다,동
허리,명
허용,명
허용되다,동
허용하다,동
허허,부
헌,관
헤매다,동
헤아리다,동
헤어지다,동
헬기,명
혀,명
현,관
현관,명
현관문,명
현금,명
현대,명
현대인,명
현대적,명
현상,명
현실,명
현실적,명
현장,명
현재,부
현재,명
현지,명
혈액,명
협력,명
형,명
형,명
형님,명
형부,명
형사,명
형성,명
형성되다,동
형성하다,동
형수,명
형식,명
형식적,명
형제,명
형태,명
형편,명
혜택,명
호,의
호기심,명
호남,명
호랑이,명
호박,명
호선,의
호수,명
호실,명
호주,고
호주머니,명
호텔,명
호흡,명
혹시,부
혹은,부
혼나다,동
혼자,명
혼잣말,명
홀로,부
홈페이지,명
홍보,명
홍수,명
홍차,명
화,명
화가,명
화나다,동
화려하다,형
화면,명
화분,명
화살,명
화요일,명
화장,명
화장실,명
화장지,명
화장품,명
화재,명
화제,명
화학,명
확,부
확대되다,동
확대하다,동
확립하다,동
확보,명
확산되다,동
확신,명
확신하다,동
확실하다,형
확실히,부
확인,명
확인되다,동
확인하다,동
확장,명
확정,명
환갑,명
환경,명
환경오염,명
환영,명
환영하다,동
환율,명
환자,명
환하다,형
활기,명
활동,명
활동하다,동
활발하다,형
활발해지다,동
활발히,부
활용,명
활용하다,동
활짝,부
회,의
회견,명
회관,명
회복,명
회복되다,동
회복하다,동
회사,명
회색,명
회원,명
회의,명
회의,명
회장,명
회전,명
회화,명
횟수,명
횡단보도,명
효과,명
효과적,명
효도,명
효도하다,동
효율적,명
효자,명
후,명
후기,명
후반,명
후배,명
후보,명
후춧가루,명
후회,명
후회하다,동
훈련,명
훌륭하다,형
훔치다,동
훨씬,부
휴가,명
휴식,명
휴일,명
휴지,명
휴지통,명
흉내,명
흐려지다,동
흐르다,동
흐름,명
흐리다,동
흐리다,형
흑백,명
흑인,명
흔들다,동
흔들리다,동
흔적,명
흔하다,형
흔히,부
흘러가다,동
흘러나오다,동
흘러내리다,동
흘리다,동
흙,명
흥미,명
흥미롭다,형
흥분,명
흥분하다,동
흩어지다,동
희곡,명
희다,형
희망,명
희망하다,동
희생,명
희생하다,동
흰색,명
힘,명
힘겹다,형
힘껏,부
힘들다,형
힘들어하다,동
힘쓰다,동
힘없이,부
힘차다,형